id_cloud,algorithm,Npini,iter_max,D,F,CR,time,it,poserror,orierror_1,orierror_2,orierror_3
9,1,100,500,6,0.9,0.75,175.446872234344,50,0.114410101527267,1.17628217764557,1.0537059612569,0.14152341287748
9,1,100,500,6,0.9,0.75,194.999163150787,50,0.0142273975980995,2.57723676199442,0.383231541769387,0.725357680576635
9,1,100,500,6,0.9,0.75,208.182643175125,50,0.0172616829901434,2.13483455483778,0.929779051256246,0.5262861020403
9,1,100,500,6,0.9,0.75,193.142450809479,50,0.0166117213234726,2.24291305558812,0.593061046283928,0.731548984633307
9,1,100,500,6,0.9,0.75,202.638706684113,50,0.0147005741515822,2.13127992851106,0.942867746895866,0.374418986518158
9,1,100,500,6,0.9,0.75,202.353445529938,50,0.00721516837234647,2.55016037069179,0.745590930628864,0.123434309672591
9,1,100,500,6,0.9,0.75,179.708655834198,50,0.106471251484239,2.09738498974251,0.591903584324435,0.716001006870642
9,1,100,500,6,0.9,0.75,203.634631872177,50,0.0103114312288978,2.64009032198188,0.911489535146903,0.536191461847163
9,1,100,500,6,0.9,0.75,210.989691495895,50,0.110009840869614,2.1208921853768,0.0694825803156062,0.475772033996893
9,1,100,500,6,0.9,0.75,171.151881694794,50,0.116762625270838,2.67191645876855,1.45038157364569,0.332747685996272
9,1,100,500,6,0.9,0.75,194.882568836212,50,0.013732744045998,1.7362323709769,0.0251802055186849,0.557392693820361
9,1,100,500,6,0.9,0.75,202.956408977509,50,0.0129196538439533,2.22150802651552,0.735573346480932,0.0259050582028103
9,1,100,500,6,0.9,0.75,210.689645767212,50,0.00885238211019037,1.92793232825317,0.584587190512806,0.840599349494711
9,1,100,500,6,0.9,0.75,204.943732023239,50,0.0198561378291922,2.56022619017959,0.822673888115122,0.419077115167848
9,1,100,500,6,0.9,0.75,204.12410736084,50,0.0212019330374524,2.30642373462826,0.984961304038511,0.08977248556673
1,1,100,500,6,0.9,0.75,109.67275929451,50,0,0,0,0
2,1,100,500,6,0.9,0.75,120.887436628342,50,0.0300779101901981,1.12129431432474,0,0
3,1,100,500,6,0.9,0.75,91.2946622371674,50,1.72955338866052,3.40254887766142,0.845477722744765,0.692028075303717
4,1,100,500,6,0.9,0.75,197.191644906998,50,0.00413597359040275,3.03752761314624,1.70519259944367,0.62339054435428
5,1,100,500,6,0.9,0.75,115.108218669891,50,0.172615932864111,0.214353319578294,3.46721252124328,0.334189570744564
6,1,100,500,6,0.9,0.75,120.37025642395,50,0.586473186416803,1.01031608089145,2.90896765100992,1.18391718226
7,1,100,500,6,0.9,0.75,212.122585058212,50,0.010111625546872,0.219138526126831,0.736495388357465,0.134076603020498
8,1,100,500,6,0.9,0.75,199.067344665527,50,0.0399202110001409,0.714904361102253,0.872109731138399,0.319819709072685
9,1,100,500,6,0.9,0.75,174.165736198425,50,0.0918163666905617,2.89584810189888,0.681663772386468,0.438164812910232
10,1,100,500,6,0.9,0.75,175.697405815125,50,0.0202766856955135,4.26625683514889,0.579232966745413,0.585526779624422
11,1,100,500,6,0.9,0.75,213.179969787598,50,0.0290142688570755,0.776951723356383,0.769413239958364,0.419522073513602
12,1,100,500,6,0.9,0.75,221.185971736908,50,0.0159544714427432,0.160645791626051,0.161563347754562,0.439897675274975
13,1,100,500,6,0.9,0.75,224.845411777496,50,0.0402058665011615,1.69306076894368,0.858296367005322,0.478094231919912
14,1,100,500,6,0.9,0.75,219.997201442718,50,0.0185648092219497,0.778580122001688,0.538563682665183,0.142076091758279
15,1,100,500,6,0.9,0.75,213.831731796265,50,0.0531997512201515,0.551337078531807,2.30966278677471,0.269047706475562
16,1,100,500,6,0.9,0.75,225.575099468231,50,0.0343015208183924,0.691319664360355,0.966646788207206,0.10211284978224
17,1,100,500,6,0.9,0.75,216.60298538208008,50,0.03766435181610866,2.1460124448452094,0.4553628429180299,0.27961306392195284
18,1,100,500,6,0.9,0.75,194.19282746315002,50,0.03533615542685378,1.068085982124341,1.1323176577442728,0.9560060007419724
19,1,100,500,6,0.9,0.75,181.34847211837769,50,0.16847171212046708,1.35264230683379,1.0145449697309648,0.13526137750411207
20,1,100,500,6,0.9,0.75,90.50448799133301,50,2.765898707708273,1.1366574541326933,2.466621176150864,179.87024477570296
21,1,100,500,6,0.9,0.75,210.89081978797913,50,0.006969562772027007,0.8507585070900927,0.18278742458539385,1.1499542469711121
22,1,100,500,6,0.9,0.75,184.46700620651245,50,1.057982862470755,0.9718243369320548,1.1245998578879906,4.805969042971713
23,1,100,500,6,0.9,0.75,230.02853393554688,50,0.019603564571249933,0.11178053150085948,1.4042341914108527,1.0877349605193478
24,1,100,500,6,0.9,0.75,228.26722025871277,50,0.00834827813041856,1.926643012074101,2.822392147376208,0.7459796023273484
25,1,100,500,6,0.9,0.75,228.43038988113403,50,0.09319137914646114,0.9671725738052491,1.6065147533428499,0.4502523026911212
26,1,100,500,6,0.9,0.75,237.22549700737,50,0.07977738585739615,0.5361743904034836,2.363687728168076,0.0526239665598425
27,1,100,500,6,0.9,0.75,196.1077287197113,50,0.024852387912264105,0.42466549913976914,1.0449443696745262,0.10977260540542376
28,1,100,500,6,0.9,0.75,210.24975967407227,50,0.039032777438403,0.7163553794038159,0.657719747034122,0.1759075480053809
29,1,100,500,6,0.9,0.75,200.33673524856567,50,0.09766053582471451,1.3454416664587472,0.5260717677218161,0.8874924783322727
30,1,100,500,6,0.9,0.75,126.42708325386047,50,4.531848900487216,3.563341769984425,8.447748980033404,175.21338243776083
31,1,100,500,6,0.9,0.75,206.62916779518127,50,0.025191011102626466,1.585576583349676,0.37587569285418887,1.5559020912473225
32,1,100,500,6,0.9,0.75,240.25570607185364,50,0.007250416538138793,0.255383345766589,0.1372752424647985,0.11055518533550865
33,1,100,500,6,0.9,0.75,154.361323595047,50,0.4570515402918764,0.08693204943180448,0.2859904302838199,13.981046098902286
34,1,100,500,6,0.9,0.75,214.11233639717102,50,0.012879676111850919,0.2926878868215106,0.05048122213419212,0.1701954199432098
35,1,100,500,6,0.9,0.75,218.18982911109924,50,0.0025708695054981936,0.0330323299980474,0.6804479031689967,0.13769945228794683
36,1,100,500,6,0.9,0.75,209.1118688583374,50,0.006832629021686939,0.6106045193243858,0.20109492509955337,0.21563772864180128
37,1,100,500,6,0.9,0.75,128.698744058609,50,1.95908659044778,2.899028792714645,3.225183038402646,142.6548132135604
38,1,100,500,6,0.9,0.75,117.55056309700012,50,3.002841341639146,4.152479121559281,0.06896739350351024,27.69321849017643
39,1,100,500,6,0.9,0.75,103.85235691070557,50,2.1693158349622843,2.3976321290140863,3.4964627426659347,188.61719668957588
40,1,100,500,6,0.9,0.75,149.72886395454407,50,0.02569003217510799,0.261485704594049,1.9435646962905104,0.12694395124043742
41,1,100,500,6,0.9,0.75,140.46943759918213,50,2.949340425494989,3.920848904162336,1.2863944805915786,23.585439458263913
42,1,100,500,6,0.9,0.75,110.7662398815155,50,2.6753467287660317,0.2874539461002469,1.1021145063988909,66.2667042489698
43,1,100,500,6,0.9,0.75,212.990300655365,50,0.02081421411224874,0.761168149266481,0.2149657268085302,0.4923154107802028
44,1,100,500,6,0.9,0.75,116.72993540763855,50,1.6566712250915692,1.480456956469727,2.9225721620201606,23.360233722234803
1,1,100,500,6,0.9,0.75,120.67163586616516,50,0.0,0.0,0.0,0.0
2,1,100,500,6,0.9,0.75,115.30076313018799,50,0.030077910190198055,1.9303916647915216,0.7373773007376565,0.0
3,1,100,500,6,0.9,0.75,90.86281275749207,50,7.833405909387973,0.16948196060205203,5.8833649044595795,180.0
4,1,100,500,6,0.9,0.75,169.83222317695618,50,0.015093781230681022,3.4788667212631994,1.8867601802096117,0.761277188114884
5,1,100,500,6,0.9,0.75,99.00515103340149,50,2.083957727924775,1.000916355999016,0.6034135771495592,9.633502287728898
6,1,100,500,6,0.9,0.75,130.2791645526886,50,2.157799953220841,1.595530797990983,1.8081712525399722,2.0120096238568324
7,1,100,500,6,0.9,0.75,203.63880372047424,50,0.022175891493330616,1.2079362656966448,0.6139303515594062,0.569801010950947
8,1,100,500,6,0.9,0.75,205.28052973747253,50,0.08677452028000067,0.5880424167210136,0.06843793128125221,0.31057201754331953
9,1,100,500,6,0.9,0.75,199.58068227767944,50,0.0221247521410306,2.772646623367278,0.8991173026798522,0.1727190007567013
10,1,100,500,6,0.9,0.75,117.20764994621277,50,2.2178374536582854,5.26032622704259,0.6260975358916036,166.54218073561069
11,1,100,500,6,0.9,0.75,209.64285278320312,50,0.018125451095285895,0.1926968974273163,1.7153247503568405,0.07656869867104533
12,1,100,500,6,0.9,0.75,191.5438461303711,50,0.022128951555371205,0.24985809150127453,0.6205107508601296,4.156051717894749
13,1,100,500,6,0.9,0.75,186.5054178237915,50,0.01917018360598529,0.8364893028599245,0.6628674723429349,4.25297093142621
14,1,100,500,6,0.9,0.75,199.92053294181824,50,0.030525442794691934,0.3977779001881823,1.1491666618132161,0.8164491396715683
15,1,100,500,6,0.9,0.75,221.7178122997284,50,0.047752459058325494,0.89221512896113,2.16223693179705,0.2715017886131032
16,1,100,500,6,0.9,0.75,208.33575224876404,50,0.01912163593719875,2.1193542346765826,0.10730467115086227,0.6665684811220496
17,1,100,500,6,0.9,0.75,210.6963930130005,50,0.013531865515085263,0.43952899049748334,1.5330408549349654,0.11610116214510542
18,1,100,500,6,0.9,0.75,188.17274165153503,50,0.02730013873456308,0.6738464664178972,0.30294051663425514,1.0683907463482285
19,1,100,500,6,0.9,0.75,185.5950083732605,50,0.1490611793016075,0.9444681217844053,0.4209920324232229,0.20802551463535174
20,1,100,500,6,0.9,0.75,93.74916005134583,50,6.822233577509791,2.6642874133053063,4.912047181457821,1.1913024487048982
21,1,100,500,6,0.9,0.75,220.99280714988708,50,0.017264324383861395,0.6347030080752856,0.6483051533152757,0.8493821742779883
22,1,100,500,6,0.9,0.75,192.1442322731018,50,0.21553350815443756,1.2240543693770098,2.963373205971593,0.46384024632893106
23,1,100,500,6,0.9,0.75,232.69016981124878,50,0.011923623854656446,0.1119421330992706,1.1909473527515968,1.2185611435429367
24,1,100,500,6,0.9,0.75,229.42069029808044,50,0.01614414887310192,1.926643012074101,2.2835644449612302,0.7568355759006571
25,1,100,500,6,0.9,0.75,214.08972716331482,50,0.06926657955604075,0.18158412567091126,1.4203260302393907,0.6866453325248789
26,1,100,500,6,0.9,0.75,242.17560839653015,50,0.011186781484478768,0.5378748046260613,0.857440588586306,0.34094696632305505
27,1,100,500,6,0.9,0.75,228.97574400901794,50,0.05297531556620333,0.3864347440521393,0.18666457796387828,0.5382590691160822
28,1,100,500,6,0.9,0.75,183.10698986053467,50,0.039416321834339775,0.8959017498741622,0.4480009952102408,0.727818538391045
29,1,100,500,6,0.9,0.75,202.40709328651428,50,0.07436259804443186,1.1234678483896485,1.0324002282420748,1.1038224855640946
30,1,100,500,6,0.9,0.75,187.0431478023529,50,0.023604893917493156,1.3110061961672486,1.138583843774401,0.5915344329826822
31,1,100,500,6,0.9,0.75,233.04531359672546,50,0.02290036433615554,1.1764033900072781,0.4861812357339922,0.5843606665638184
32,1,100,500,6,0.9,0.75,242.40171360969543,50,0.009879691010072734,1.4731142370171757,0.4139142322057757,0.057499525272699435
33,1,100,500,6,0.9,0.75,225.74061822891235,50,0.010682214853395244,0.49170501383244475,0.09175154581496439,0.1395472995534774
34,1,100,500,6,0.9,0.75,127.07024908065796,50,0.9009452030373383,7.080650358004386,2.9582059470067996,73.59958977292511
35,1,100,500,6,0.9,0.75,223.33958220481873,50,0.010929311611469546,0.06102794862547608,0.8930633344520504,0.13431475525275435
36,1,100,500,6,0.9,0.75,223.49971413612366,50,0.007562500317379315,0.09145185470259554,0.7973182131649771,0.16962085289314394
37,1,100,500,6,0.9,0.75,155.25337648391724,50,0.03282638959379873,0.8076400294007632,0.79393165968441,5.554900431902921
38,1,100,500,6,0.9,0.75,136.90932059288025,50,1.5499635566732626,3.352716157142024,3.225183038402646,188.6291416051822
39,1,100,500,6,0.9,0.75,122.00425028800964,50,3.110206996314088,3.2318862542501217,0.1578176505664969,25.89796986036542
40,1,100,500,6,0.9,0.75,142.92797183990479,50,3.0079767603571956,5.137230946899566,0.530285032345748,25.636884635148313
41,1,100,500,6,0.9,0.75,132.78750801086426,50,3.0109269830489165,5.87945283029085,0.013238260211826901,27.27237956431303
42,1,100,500,6,0.9,0.75,129.192312002182,50,1.7257108608461178,0.9953246699305764,2.237508200669615,23.00455651995562
43,1,100,500,6,0.9,0.75,192.27196383476257,50,0.010403102248435162,0.6229756397694499,0.6654003654994876,0.660282066564403
44,1,100,500,6,0.9,0.75,128.54881978034973,50,2.8494527866306294,3.2149807332598463,0.7869780748029146,2.126686760167392
1,1,100,500,6,0.9,0.75,111.49475049972534,50,0.0,0.0,0.0,0.0
2,1,100,500,6,0.9,0.75,139.00984716415405,50,0.030077910190198055,1.7903918932656564,0.0,0.18839270176809492
3,1,100,500,6,0.9,0.75,94.82593941688538,50,6.495522067991808,4.733432385225672,6.0075824859879345,180.0
4,1,100,500,6,0.9,0.75,176.0364863872528,50,0.0085493996744588,3.4335501841735625,1.7093286010257303,0.40268519357234667
5,1,100,500,6,0.9,0.75,100.10854959487915,50,1.8351867024293478,3.8360915938109006,0.060743922595992185,16.380428635256298
6,1,100,500,6,0.9,0.75,111.68047881126404,50,2.1225406727320477,0.23116963417786685,4.106418212201689,5.725032771550754
7,1,100,500,6,0.9,0.75,238.95304131507874,50,0.01728605271007664,1.6938084933599484,1.3419438834905657,0.8687415655597064
8,1,100,500,6,0.9,0.75,190.1330063343048,50,0.05409888716482742,0.16608427295724112,0.2466928547210013,1.4189153327417348
9,1,100,500,6,0.9,0.75,202.3566620349884,50,0.020549412309686675,2.590587786034693,1.246296671267148,0.21223646554152156
10,1,100,500,6,0.9,0.75,203.8591446876526,50,0.022641788035030877,3.301379183104179,0.33736193944796294,1.1423707648567136
11,1,100,500,6,0.9,0.75,209.66894388198853,50,0.00597177241438837,0.6537405673061584,0.9203972125614789,0.21628910710043192
12,1,100,500,6,0.9,0.75,193.51477003097534,50,0.016447391030620578,0.08723251109248577,0.0512359449513961,0.25090283635894356
13,1,100,500,6,0.9,0.75,217.54749250411987,50,0.03895221540322817,2.029949008125315,1.298838931980346,0.4241933758216324
14,1,100,500,6,0.9,0.75,228.3370897769928,50,0.018293578917132736,0.5810084829934721,0.4649058546352479,1.9005379703892797
15,1,100,500,6,0.9,0.75,203.6915464401245,50,0.039441973109002715,1.0499516276998047,2.46465432089594,0.43715897215838967
16,1,100,500,6,0.9,0.75,209.4061462879181,50,0.044580561394669496,0.49187068941812817,1.081305414082481,0.16312294973072045
17,1,100,500,6,0.9,0.75,192.99893951416016,50,0.0331359784099564,0.6453971719775753,1.454699100274634,0.1913363758389242
18,1,100,500,6,0.9,0.75,198.22295880317688,50,0.02947180949478282,0.6857363086066892,0.7790228075732005,0.8731526816553645
19,1,100,500,6,0.9,0.75,200.61717200279236,50,0.13213585096816968,0.4958372742849565,0.410649078042452,0.9427810891908793
20,1,100,500,6,0.9,0.75,94.42489075660706,50,0.8379817567303282,0.819347349994722,0.9062081209944137,177.4590736558772
21,1,100,500,6,0.9,0.75,196.60280394554138,50,0.025345809498397133,0.38163644290295995,0.769802038247738,1.1429908500620958
22,1,100,500,6,0.9,0.75,196.71470499038696,50,0.17860072634623947,0.9831906033163362,2.0620340529169954,0.8458163734830977
23,1,100,500,6,0.9,0.75,218.76464819908142,50,0.026912697920999585,0.6132142102356819,2.7190491921695683,0.5924368530984966
24,1,100,500,6,0.9,0.75,207.7986195087433,50,0.013874297085932777,1.592389432461819,2.1250387413876326,0.1685065979652936
25,1,100,500,6,0.9,0.75,261.0198199748993,50,0.09276090158116901,1.009621767314393,2.1061915347597493,0.2757981144543647
26,1,100,500,6,0.9,0.75,233.52771472930908,50,0.00787978935589853,0.2644851307225569,0.00506679228134457,0.17785128966115016
27,1,100,500,6,0.9,0.75,210.3180286884308,50,0.06117888616140471,0.8146943140585999,0.7522947819394838,0.08845148832091948
28,1,100,500,6,0.9,0.75,179.39244151115417,50,0.02184478010167552,0.5386313148636671,1.2292805174400638,0.39709753425801875
29,1,100,500,6,0.9,0.75,235.43152713775635,50,0.07781259099515656,1.0469919147275477,0.6619810503173741,1.0343787366066879
30,1,100,500,6,0.9,0.75,219.39316177368164,50,0.02153114494870826,0.07791592096690728,0.6969126375434449,0.8050770135443308
31,1,100,500,6,0.9,0.75,229.56205797195435,50,0.01901108949437949,1.1450758803388292,0.594649392868477,0.6557955248211955
32,1,100,500,6,0.9,0.75,223.57999968528748,50,0.012990229651447489,1.6043721201862131,0.5002388983992114,0.05562660966229645
33,1,100,500,6,0.9,0.75,214.54956936836243,50,0.007074110041785671,0.0611792862109346,0.008040077048446306,0.03319064916101823
34,1,100,500,6,0.9,0.75,182.8215091228485,50,0.007074926060654158,1.5964029465681078,0.7374594315427575,0.23375149090111622
35,1,100,500,6,0.9,0.75,219.13274908065796,50,0.007863810741005508,0.006222002851516181,0.9142149206065637,0.14735026209140484
36,1,100,500,6,0.9,0.75,228.82126450538635,50,0.00934485295621409,0.07970969461888773,1.0194566454061036,0.03892698186727223
37,1,100,500,6,0.9,0.75,120.83352327346802,50,3.0354997073348953,5.909524447555105,4.215271391240427,35.204537034016646
38,1,100,500,6,0.9,0.75,125.93950653076172,50,3.006077220723555,0.11599471227655421,1.2542477609871578,32.37611604056772
39,1,100,500,6,0.9,0.75,124.14020943641663,50,2.9115616101768906,2.412617392635133,2.087502228659728,10.369549289995268
40,1,100,500,6,0.9,0.75,132.96005654335022,50,2.915911372170845,1.3034464665425882,0.9807285200834233,32.97849388625139
41,1,100,500,6,0.9,0.75,233.60973644256592,50,0.013309457236608462,0.8055279430447737,0.35947157002279706,0.45497990652188297
42,1,100,500,6,0.9,0.75,125.91348576545715,50,2.873502708004883,6.736348535391912,3.543871529427526,2.3005717581694767
43,1,100,500,6,0.9,0.75,121.5181782245636,50,2.841941187728192,2.250293572694282,0.4909234353504632,73.24327564751044
44,1,100,500,6,0.9,0.75,116.77220106124878,50,1.8462930652657106,8.723833677417442,0.6267401480357121,28.720342908772967
1,1,100,500,6,0.9,0.75,112.72052216529846,50,0.0,0.0,0.0,0.0
2,1,100,500,6,0.9,0.75,120.5614447593689,50,0.013831217177750342,1.6422224704817165,0.16132925396944978,0.04143756603331593
3,1,100,500,6,0.9,0.75,89.49395275115967,50,7.690458455097244,1.1145901638468063,0.8432749303754938,180.0
4,1,100,500,6,0.9,0.75,203.5689332485199,50,0.005952189305152537,3.3621114140647053,1.8771707954680261,0.9487405842318389
5,1,100,500,6,0.9,0.75,117.26535201072693,50,0.22358071898243362,3.093724663353062,4.046653998156414,0.7677437408679205
6,1,100,500,6,0.9,0.75,117.87169051170349,50,2.05141927391318,0.15771194578773481,2.532288703063052,5.105215687532075
7,1,100,500,6,0.9,0.75,212.64450025558472,50,0.007552315015755546,1.1929273531384486,0.7103253554983433,0.7592683418838375
8,1,100,500,6,0.9,0.75,190.60917615890503,50,0.06700479414783983,0.8220921491465926,0.6897354129805155,0.3385225027430966
9,1,100,500,6,0.9,0.75,204.65575623512268,50,0.013840151224899327,1.4287409345312012,0.48979163144069093,0.7954715038749608
10,1,100,500,6,0.9,0.75,198.8322126865387,50,0.011764028027234794,3.637513514445544,0.0032437093081997955,1.008829505612865
11,1,100,500,6,0.9,0.75,195.58859944343567,50,0.00841728693432578,0.06850563244098196,0.24624581719402128,3.4363134675804106
12,1,100,500,6,0.9,0.75,208.4909656047821,50,0.008609052114796803,0.6317830797215398,0.2289323557458019,0.29211939560521266
13,1,100,500,6,0.9,0.75,123.0681962966919,50,2.684618979509511,0.9554322010949399,6.137661358931366,175.74702906857377
14,1,100,500,6,0.9,0.75,219.5221664905548,50,0.01643317824082604,0.8341352185135571,0.16621012148857656,0.24153182006381743
15,1,100,500,6,0.9,0.75,207.89973950386047,50,0.07139931366702118,0.33583273470139113,2.990686311475338,1.047197094762842
16,1,100,500,6,0.9,0.75,195.74742197990417,50,0.019189413755553494,0.02123748258860139,1.713293944733453,0.12003845447298533
17,1,100,500,6,0.9,0.75,230.53116965293884,50,0.023122363715107404,0.7841908229458117,1.2191791725733494,0.18192645655030085
18,1,100,500,6,0.9,0.75,188.90455222129822,50,0.006699489451919523,1.4572003612448183,1.6706975072330363,0.8693346999262821
19,1,100,500,6,0.9,0.75,184.40676546096802,50,0.16951900345491114,0.33229477773350435,0.9521943534833044,1.5096661144536572
20,1,100,500,6,0.9,0.75,98.78047251701355,50,0.9363718887998072,4.937339474364488,5.55478795568066,179.10071750231506
21,1,100,500,6,0.9,0.75,150.00105595588684,50,2.428344857620466,1.1515294748295282,0.4224769707451402,9.772205254847478
22,1,100,500,6,0.9,0.75,192.03891372680664,50,0.2148322395910018,0.39113981687881233,4.100907464916839,0.34203035045425206
23,1,100,500,6,0.9,0.75,197.541348695755,50,0.012336334473597417,1.1151690667330467,2.6113009473670603,1.2044679220321204
24,1,100,500,6,0.9,0.75,229.55174016952515,50,0.014856456004850119,1.7667640818499992,2.778816886716023,0.07761963673963947
25,1,100,500,6,0.9,0.75,198.1144576072693,50,0.09546942704151042,0.3377112616552079,1.045622124771919,0.6821352758522011
26,1,100,500,6,0.9,0.75,220.24298620224,50,0.010501230797429305,0.10738838062520256,0.7823272025875837,0.3546551648003793
27,1,100,500,6,0.9,0.75,223.5278446674347,50,0.013851313406871148,0.3016279788375275,0.06823783866688288,0.06485655404928342
28,1,100,500,6,0.9,0.75,194.05816984176636,50,0.010583102181218704,1.0980422918041703,0.6242715582862738,0.3431359058727324
29,1,100,500,6,0.9,0.75,221.94875192642212,50,0.021584238408663598,0.5616296523210879,0.9550847463759832,0.5434908423410674
30,1,100,500,6,0.9,0.75,203.26189041137695,50,0.02240450332072435,0.12097069673850755,0.4245541256783451,0.7197277175661679
31,1,100,500,6,0.9,0.75,227.04184699058533,50,0.021740959211395336,1.169696342608658,0.7019626078331429,0.5353125003613572
32,1,100,500,6,0.9,0.75,248.29912757873535,50,0.006408086006340709,1.4136995195294053,0.5342593859584542,0.04096785118286937
33,1,100,500,6,0.9,0.75,135.02621722221375,50,1.9630264953032703,7.691022204127562,1.5228020782746317,14.245558716334687
34,1,100,500,6,0.9,0.75,199.2691776752472,50,0.010091594984715306,0.21288866707492685,0.34027047592242304,0.014770144402304107
35,1,100,500,6,0.9,0.75,144.5969820022583,50,3.127553294595849,3.648947836358932,4.00961955146103,26.16882116982526
36,1,100,500,6,0.9,0.75,121.94881749153137,50,3.1481202617201465,2.1753799530236413,4.192639868953657,26.155096856599087
37,1,100,500,6,0.9,0.75,237.31126999855042,50,0.01018389749741159,0.3002138340872661,0.7418869255618785,0.314862774961482
38,1,100,500,6,0.9,0.75,180.44312715530396,50,0.030739355425908405,1.4767185552447673,0.8833496430610775,0.11747620109076014
39,1,100,500,6,0.9,0.75,135.1325900554657,50,2.966631487713906,1.833384485454079,1.771572083918241,24.871151270874996
40,1,100,500,6,0.9,0.75,167.72656798362732,50,0.010281288897379882,1.4711959214249912,1.1083795093015174,0.35690005555788973
41,1,100,500,6,0.9,0.75,103.63844704627991,50,3.736795598023151,4.983621254057348,0.88575463654126,44.451755984239966
42,1,100,500,6,0.9,0.75,121.17384052276611,50,1.442058717959281,2.2626710045214455,1.611823592229043,48.421048859290224
43,1,100,500,6,0.9,0.75,129.69845533370972,50,2.5006777077015476,2.2541086984505867,3.0613746119707264,76.78263185555198
44,1,100,500,6,0.9,0.75,116.67599368095398,50,2.8409262635548025,0.36773454881691514,0.7527188963743378,3.284525307669536
1,1,100,500,6,0.9,0.75,112.6907708644867,50,0.0,0.0,0.0,0.0
2,1,100,500,6,0.9,0.75,154.83399367332458,50,0.030077910190198055,0.0,0.6355419888427828,0.0
3,1,100,500,6,0.9,0.75,91.39729928970337,50,7.258106304880002,5.764775844431751,1.9830107538101032,180.0
4,1,100,500,6,0.9,0.75,172.2499315738678,50,0.014875432493792728,3.1225852863639103,1.8771222376684462,0.7750558655278054
5,1,100,500,6,0.9,0.75,107.78200817108154,50,2.222918288635417,1.8555685837467468,5.2301141513490395,8.410086539116987
6,1,100,500,6,0.9,0.75,135.39708971977234,50,2.1155064167156152,3.510478965654564,4.017200198254917,4.682057375299161
7,1,100,500,6,0.9,0.75,219.76144790649414,50,0.03226129566506864,0.28658077692710016,1.0088774669324956,0.3923247237850937
8,1,100,500,6,0.9,0.75,213.75799036026,50,0.07561383920093283,1.1610621857455634,0.3144991049787299,0.16636999687415063
9,1,100,500,6,0.9,0.75,201.44214606285095,50,0.006698932638745255,2.7727294756403826,0.052183954780965755,0.6286780633134198
10,1,100,500,6,0.9,0.75,210.6908597946167,50,0.01372987012488492,3.1176372896723437,0.17975438472047522,0.06582481486966668
11,1,100,500,6,0.9,0.75,218.44359374046326,50,0.004512717314273568,0.8530279058962511,1.0245674609081976,0.04699083356224634
12,1,100,500,6,0.9,0.75,169.4967963695526,50,0.023821549068018606,0.14117154797917117,0.8274354156469925,4.156051717894749
13,1,100,500,6,0.9,0.75,234.16822957992554,50,0.03431717099190161,1.622708818613971,0.9141246660423725,0.4835872508547755
14,1,100,500,6,0.9,0.75,211.4544403553009,50,0.02777078963003051,0.022489734391679377,0.3650719958631198,1.2885812554372698
15,1,100,500,6,0.9,0.75,196.71357941627502,50,0.037752931211593545,0.4296046453328116,2.3229840013991034,0.14285096010684195
16,1,100,500,6,0.9,0.75,221.42703342437744,50,0.016558962127803063,0.4498463409186572,0.5782681010815748,1.2520601047506668
17,1,100,500,6,0.9,0.75,132.93066692352295,50,2.8801151908099047,2.387866232766429,7.526997312763634,171.4456557519818
1,1,100,500,6,0.9,0.75,112.62789106369019,50,0.008469757494183171,0.0,0.0,0.0
2,1,100,500,6,0.9,0.75,113.20700526237488,50,0.030077910190198055,1.714821873804474,0.0,0.0
3,1,100,500,6,0.9,0.75,88.51929354667664,50,7.521740792921675,2.5176236511271104,6.0075824859879345,180.0
4,1,100,500,6,0.9,0.75,184.68372702598572,50,0.01496768754164667,3.4513353947433005,1.367122073423159,0.8217601192293992
5,1,100,500,6,0.9,0.75,111.29997110366821,50,0.37548543550247077,3.9593808730328126,0.876957688491116,1.0648635959990795
6,1,100,500,6,0.9,0.75,110.59345817565918,50,1.0131055472414456,1.252157400376419,7.150021615039314,2.1555901324951376
7,1,100,500,6,0.9,0.75,199.27094984054565,50,0.021647390841751216,0.4235806295490421,1.0884778256552807,0.3203596329007517
8,1,100,500,6,0.9,0.75,170.08045101165771,50,0.07792566123452924,0.042740484569057595,0.5153779959733642,0.33116619775526546
9,1,100,500,6,0.9,0.75,188.11820006370544,50,0.008699665503315135,2.2072860451031056,0.9723982128375729,0.011596554235246347
10,1,100,500,6,0.9,0.75,213.15799808502197,50,0.013713578879209338,3.8784584436012075,0.2007704129990145,0.8725267052702301
11,1,100,500,6,0.9,0.75,199.2675130367279,50,0.02083179990594065,0.9308133185633336,1.351935335069139,0.33640778397062043
12,1,100,500,6,0.9,0.75,211.1830518245697,50,0.02582079145051061,0.13871263536277736,0.012987726326938063,0.4938480430895638
13,1,100,500,6,0.9,0.75,213.1473331451416,50,0.01271094853548179,1.9669937662697368,0.7000023337451818,0.554914254408136
14,1,100,500,6,0.9,0.75,195.75242733955383,50,0.013229758137362458,0.9190010121059459,0.706913298169458,0.2909971859839712
15,1,100,500,6,0.9,0.75,206.52878046035767,50,0.02478102106798113,0.10438598414474412,2.4695812312857788,0.9504290017973529
16,1,100,500,6,0.9,0.75,199.42246913909912,50,0.017120218713861303,0.3476610759702918,1.679137063417741,0.12862593129031605
17,1,100,500,6,0.9,0.75,219.7687566280365,50,0.011967254827844633,0.5475347444345656,1.394123004707748,0.18535362510152012
18,1,100,500,6,0.9,0.75,198.6713309288025,50,0.023317315287804508,0.8492533446173886,0.26700362232597824,0.8643579577268946
19,1,100,500,6,0.9,0.75,182.34585785865784,50,0.19085768462586258,0.8230580427872487,0.2316795077022047,0.021668787101259943
20,1,100,500,6,0.9,0.75,98.57356071472168,50,4.987524130882097,1.2825897824425687,2.545108882164785,6.617950214664045
21,1,100,500,6,0.9,0.75,215.28603315353394,50,0.027540903498732897,0.3745408911691071,1.10498803711125,0.8491788198194439
22,1,100,500,6,0.9,0.75,214.03451991081238,50,0.1426923896306646,0.32118903403505406,1.2481424830994379,0.8496101424718513
23,1,100,500,6,0.9,0.75,206.2856686115265,50,0.015809041729096918,0.23743897995133784,1.1748327066606854,1.2018265931546759
24,1,100,500,6,0.9,0.75,214.61369109153748,50,0.013448084200335123,1.674073525610203,1.4697220092577126,0.260552589133966
25,1,100,500,6,0.9,0.75,204.98089790344238,50,0.09363637815697519,0.07617560154377355,1.8550216333458165,0.4026175981689882
26,1,100,500,6,0.9,0.75,247.14128875732422,50,0.007522859353334477,0.49274836437193525,0.9859263057958795,0.35829060944459845
27,1,100,500,6,0.9,0.75,241.08766794204712,50,0.0625786336987408,0.5278693783722165,0.13781188065626515,0.19322514933482685
28,1,100,500,6,0.9,0.75,164.24451899528503,50,0.15876550504826997,0.21841132174262007,0.11689015329206524,3.737044266154738
29,1,100,500,6,0.9,0.75,201.01529693603516,50,0.07358223997417622,1.1554689448654358,1.1445677133415275,1.1002941666865065
30,1,100,500,6,0.9,0.75,210.30435490608215,50,0.015760234896860174,0.4498915833498857,0.15107278848989536,0.7790634520407452
31,1,100,500,6,0.9,0.75,219.17745542526245,50,0.02752473219156688,1.153147761812988,0.39896988644714204,0.6964044043259365
32,1,100,500,6,0.9,0.75,143.6382656097412,50,2.768148026822732,4.984476038466274,4.781425814734758,6.998366685641021
33,1,100,500,6,0.9,0.75,240.88440990447998,50,0.018090580472579408,0.0028256140743534047,0.004849977951077165,0.14820136421850502
34,1,100,500,6,0.9,0.75,157.07606148719788,50,3.150597449986258,1.2561361762400378,3.50858579168314,25.999886621754303
35,1,100,500,6,0.9,0.75,239.8238866329193,50,0.006420308889926505,0.481586912579927,0.020755219551378067,0.255684462266777
36,1,100,500,6,0.9,0.75,213.32136034965515,50,0.009318464507747468,0.25982568035791725,0.8349497839141499,0.14707136831415682
37,1,100,500,6,0.9,0.75,226.70872807502747,50,0.012015165698720272,0.3620854864967221,0.3871218390993931,0.22162430851799805
38,1,100,500,6,0.9,0.75,123.99054288864136,50,2.1226222647827524,2.8738807858191966,3.225183038402646,153.47892814598603
39,1,100,500,6,0.9,0.75,125.16828513145447,50,2.173033476992361,1.6351551065347352,3.4964627426659347,30.05914217057927
40,1,100,500,6,0.9,0.75,126.14327955245972,50,3.105846216327777,0.8676142784874059,3.5271550495425457,31.08352251102641
41,1,100,500,6,0.9,0.75,189.41801524162292,50,0.010376645534833985,0.0435116031148491,0.3533269556857032,0.20469142001431825
42,1,100,500,6,0.9,0.75,127.68201184272766,50,1.5431158707869053,2.6190387856869974,2.514032213082056,13.902686529038148
43,1,100,500,6,0.9,0.75,136.60901594161987,50,1.7313587278067593,6.919941589542348,0.9633639490072288,16.99410615362106
44,1,100,500,6,0.9,0.75,230.3744707107544,50,0.01568009776213877,0.1515501931053586,0.01828139325290569,0.27584280137239653
1,1,100,500,6,0.9,0.75,120.0699315071106,50,0.0,0.0,0.909891897801539,0.0
2,1,100,500,6,0.9,0.75,125.46240210533142,50,0.030077910190198055,1.5901923285487032,0.0,0.0
3,1,100,500,6,0.9,0.75,90.04805970191956,50,6.618747275604588,0.4272760666759773,5.451573416628531,180.0
4,1,100,500,6,0.9,0.75,170.75272488594055,50,0.01769288002296926,3.1421084221794455,1.2786260542396188,0.6614304885277336
5,1,100,500,6,0.9,0.75,103.31761384010315,50,0.10626054520903784,3.583609436658362,3.1985245178721624,3.5454267334185654
6,1,100,500,6,0.9,0.75,125.61199879646301,50,2.295484784654698,0.22017578414234307,1.2923033789114489,3.462840786011906
7,1,100,500,6,0.9,0.75,203.11581325531006,50,0.026864052325562684,1.1431093211581151,0.10867375082699975,0.8803433825845246
8,1,100,500,6,0.9,0.75,203.10339212417603,50,0.04748066042321463,0.5202750209310648,0.7068655449732432,0.2583611098064092
9,1,100,500,6,0.9,0.75,203.7652416229248,50,0.015506578236951302,1.5104333415527755,0.0763687958760218,0.7150189877658744
10,1,100,500,6,0.9,0.75,184.40832471847534,50,0.012756059759520672,3.7082664827191842,0.36723254846801473,0.9366653810922072
11,1,100,500,6,0.9,0.75,125.04159760475159,50,2.663157003405292,1.691771973325299,2.6719600410817796,175.8478853405101
12,1,100,500,6,0.9,0.75,194.8083209991455,50,0.009577883729239366,0.013087604955560859,0.7211582295274257,0.41515000570770855
13,1,100,500,6,0.9,0.75,218.14030957221985,50,0.03845583788083189,2.112207514531707,0.6467964061625534,0.1016719184103945
14,1,100,500,6,0.9,0.75,200.73674845695496,50,0.022179228230139778,0.02233756855580751,1.238723329824616,0.9080328611039982
15,1,100,500,6,0.9,0.75,186.13058590888977,50,0.030838089430256222,0.4062220598493709,2.5370723162654194,0.16277270030166366
16,1,100,500,6,0.9,0.75,204.3080825805664,50,0.016743740669776026,0.23083484892943187,0.06074326060289053,1.7255973042806398
17,1,100,500,6,0.9,0.75,241.49794363975525,50,0.008692113965187606,0.2568907596694923,1.4971065099149077,0.3684312367645941
18,1,100,500,6,0.9,0.75,193.9333975315094,50,0.01625803684427825,0.6787665825777677,1.224881592219742,0.5681238807453206
19,1,100,500,6,0.9,0.75,189.24926352500916,50,0.15392029565263418,0.5245392607297918,0.29579275463730936,0.9584119946777458
20,1,100,500,6,0.9,0.75,98.46718382835388,50,6.884490291160426,0.8914289700283423,1.9178808160581244,1.6356426670850865
21,1,100,500,6,0.9,0.75,195.86628222465515,50,0.011047613541282263,1.3844384541667443,0.7316407972712824,0.20485844598438246
22,1,100,500,6,0.9,0.75,211.1103377342224,50,0.24692659560697316,0.08928661415180428,1.5053872088549205,0.023877718253630116
23,1,100,500,6,0.9,0.75,230.2140462398529,50,0.009187691094470934,0.08006057858283964,1.3846591545813596,1.1712616406092389
24,1,100,500,6,0.9,0.75,215.3379876613617,50,0.017926914013483175,1.615542736042752,2.1373584916481,0.04693550652350147
25,1,100,500,6,0.9,0.75,220.49543833732605,50,0.09754198901254024,1.0899845177188925,1.7992694623612142,0.46662873219194473
26,1,100,500,6,0.9,0.75,224.56122517585754,50,0.008573217759728373,0.038458852671969246,1.1834553149558296,0.08232027474048663
27,1,100,500,6,0.9,0.75,219.53079891204834,50,0.05717792805797818,0.30960469433846766,0.8171276624280523,0.5101015961886396
28,1,100,500,6,0.9,0.75,196.36842465400696,50,0.029685259137294997,1.0980422918041703,1.0243293476832969,0.345774797402586
29,1,100,500,6,0.9,0.75,154.15494179725647,50,2.1073028048479423,2.389020268436213,0.7656323832783969,5.698197415789596
30,1,100,500,6,0.9,0.75,222.61060571670532,50,0.015668588466734867,0.14146314033358512,0.3454432502954828,0.6284773380875448
31,1,100,500,6,0.9,0.75,216.4365255832672,50,0.020851352604566886,0.6902781921605383,0.3297745071848578,0.5375334219433443
32,1,100,500,6,0.9,0.75,254.5040624141693,50,0.00979449585751973,1.1638778266337584,0.2786306457137325,0.043881502368131674
33,1,100,500,6,0.9,0.75,189.8708963394165,50,0.01770706241394801,0.581850878431523,0.044028903301724806,0.4980594948984709
34,1,100,500,6,0.9,0.75,217.63007426261902,50,0.0163371589552978,0.4586035503497177,0.13454937269433925,0.06996610160869653
35,1,100,500,6,0.9,0.75,207.21264481544495,50,0.002154827068064946,0.3445725638457738,0.533025697137807,0.17093747873833914
36,1,100,500,6,0.9,0.75,149.82071685791016,50,2.1115302044005606,0.06094825325899844,6.460076061958766,3.6466802321695115
37,1,100,500,6,0.9,0.75,231.39685010910034,50,0.008025109565017435,0.5287566877895707,0.49922616309843104,0.2881393703742911
38,1,100,500,6,0.9,0.75,172.21210360527039,50,0.008955514795771488,3.055017130955357,1.2271864778322423,0.9485924415497448
39,1,100,500,6,0.9,0.75,121.777414560318,50,1.5026704883149533,0.08324808016974086,3.4964627426659347,177.19439668957594
40,1,100,500,6,0.9,0.75,134.5601544380188,50,3.075804586054687,4.086260613100571,3.5271550495425457,25.89739930991852
41,1,100,500,6,0.9,0.75,185.30494952201843,50,0.03705184859815724,1.138821492519016,1.561396118976261,2.8712973237504302
42,1,100,500,6,0.9,0.75,136.7946515083313,50,1.4095421173675162,0.7834180394537903,0.15701189249565312,15.472175158897462
43,1,100,500,6,0.9,0.75,210.66379857063293,50,0.007842742756976426,0.9004524738908077,0.6996608115913616,0.7729361429486654
44,1,100,500,6,0.9,0.75,209.97288727760315,50,0.002212094083841095,0.13638317846087206,0.4235531998405284,0.23312553014954987
1,1,100,500,6,0.9,0.75,112.38796782493591,50,0.0,0.0,0.0,0.0
2,1,100,500,6,0.9,0.75,115.64919757843018,50,0.030077910190198055,2.309575547002185,1.2335141221708847,0.0
3,1,100,500,6,0.9,0.75,88.45458126068115,50,6.300247061735901,1.0251203051975124,5.451573416628531,180.0
4,1,100,500,6,0.9,0.75,174.19077920913696,50,0.014024277874520404,3.241969255249935,2.134446953610955,0.3754518717157041
5,1,100,500,6,0.9,0.75,111.74126100540161,50,2.233562816883805,1.4662181556474692,0.8285073680712947,7.623942060509087
6,1,100,500,6,0.9,0.75,106.85130500793457,50,0.41499222640379735,1.027574627070765,1.437491370195843,7.580215135166071
7,1,100,500,6,0.9,0.75,212.69541883468628,50,0.03436234087727469,0.1592857461791724,0.2605538099696763,0.3166660535765994
8,1,100,500,6,0.9,0.75,207.44540977478027,50,0.061771867705017344,0.7856657529066812,0.00203688654083962,0.09161147089412588
9,1,100,500,6,0.9,0.75,208.54883980751038,50,0.026034738048672398,1.795246191630642,0.7972311829541321,0.42871240553162604
10,1,100,500,6,0.9,0.75,121.79938554763794,50,0.678465153320631,5.646067907252179,2.8267931011328695,14.97619920687587
11,1,100,500,6,0.9,0.75,187.09042119979858,50,0.02846005722077584,1.0260110868573011,1.2435322442105166,0.4664998137624471
12,1,100,500,6,0.9,0.75,199.4520492553711,50,0.013084363509239437,0.5082224867433003,1.2828014980513316,0.9768538438512453
13,1,100,500,6,0.9,0.75,218.85067868232727,50,0.048086538797054997,1.6354944724546019,0.585293926020032,0.23718428017585547
14,1,100,500,6,0.9,0.75,187.21845626831055,50,0.020548507878609953,0.053508719374908205,0.5491088942079618,0.17209967273354804
15,1,100,500,6,0.9,0.75,194.61100316047668,50,0.032049921470980985,0.4312730846060516,2.4058332885732545,0.3613109083176831
16,1,100,500,6,0.9,0.75,199.6142292022705,50,0.041899110008024126,0.16460385084953882,0.761085002651013,0.06704698014486427
17,1,100,500,6,0.9,0.75,238.80385875701904,50,0.006874281592704337,0.26872640714614726,1.171077984257206,0.1627848595113729
18,1,100,500,6,0.9,0.75,189.64769840240479,50,0.018435441309120355,0.9420461154334022,0.8813227756020114,0.9267175327936722
19,1,100,500,6,0.9,0.75,204.29495310783386,50,0.16407099863333607,1.6614860476263795,0.608577967929498,0.6096884087584763
20,1,100,500,6,0.9,0.75,98.89440584182739,50,0.6755544170488706,0.7711793664783363,3.339677483659234,176.74704963954284
21,1,100,500,6,0.9,0.75,217.08572936058044,50,0.0416528028615533,0.924284383408314,0.7945945244656121,0.20864418105144883
22,1,100,500,6,0.9,0.75,197.57642197608948,50,0.19803504510112968,0.4056464418335502,1.8154829955651501,0.9231353254911832
23,1,100,500,6,0.9,0.75,200.37309789657593,50,0.012191758808890266,0.8901497108013253,2.812868833244982,1.1649789710864036
24,1,100,500,6,0.9,0.75,195.37694334983826,50,0.014707953493673483,1.926643012074101,2.282954746674083,0.024939692093821533
25,1,100,500,6,0.9,0.75,218.0641860961914,50,0.09606550875527257,0.5379136703165557,2.3680841382679283,0.3956001194315655
26,1,100,500,6,0.9,0.75,242.46397995948792,50,0.00492396180230956,0.037821368413746864,1.1262696831741699,0.4376029809253882
27,1,100,500,6,0.9,0.75,223.06058883666992,50,0.011890242224458801,0.35112492877327883,0.23500980123606532,0.17198582267032422
28,1,100,500,6,0.9,0.75,194.08515691757202,50,0.04136775114739584,0.9289394553759978,0.44207705301436523,0.6158522748289245
29,1,100,500,6,0.9,0.75,192.6509370803833,50,0.027586256744807896,1.6163145346772994,0.3495360440923995,1.1394864276376129
30,1,100,500,6,0.9,0.75,210.24944519996643,50,0.015673538750152524,0.13416071731604529,0.7567711548914868,0.787929320973044
31,1,100,500,6,0.9,0.75,191.92614769935608,50,0.02188685678058765,0.5954227180956904,1.0396731826813221,0.6746640924473083
32,1,100,500,6,0.9,0.75,241.56620836257935,50,0.009576014779006128,0.6835224155097245,0.04056621425021208,0.13572704863791415
33,1,100,500,6,0.9,0.75,139.24666023254395,50,3.1969622447737884,3.4353738427057645,0.132530613608542,28.571657787722824
34,1,100,500,6,0.9,0.75,230.2708384990692,50,0.016241267321384697,0.4572767363126245,0.001589135486285824,0.11047634074052029
35,1,100,500,6,0.9,0.75,219.27050638198853,50,0.006585342016224825,0.10575831253161644,0.8479022475692722,0.20305585972871013
36,1,100,500,6,0.9,0.75,130.5215950012207,50,3.138073303255586,6.668863282318696,1.31888127634224,35.12011798407379
37,1,100,500,6,0.9,0.75,188.7152144908905,50,0.00910117837136524,0.8247937322383747,1.1931474398967954,0.256050719032473
38,1,100,500,6,0.9,0.75,179.8726601600647,50,0.02264792637655655,2.1201791254292965,0.2614250682411223,0.10080573757779421
39,1,100,500,6,0.9,0.75,120.54521679878235,50,0.2513370142316979,6.129692528478209,0.43607322898539813,2.786452104301337
40,1,100,500,6,0.9,0.75,120.16823172569275,50,1.8600734811393882,3.3422089923645952,3.5271550495425457,160.6840532956747
41,1,100,500,6,0.9,0.75,223.38108849525452,50,0.011045400804997801,0.6898573988353323,0.5129206996569852,0.34125784343630294
42,1,100,500,6,0.9,0.75,133.9480059146881,50,1.706674200915322,2.4191544328847514,0.21238827626568899,24.579288527279076
43,1,100,500,6,0.9,0.75,106.99345564842224,50,3.3622984725572747,5.0259267940732,1.4111589979598662,31.724925539177516
44,1,100,500,6,0.9,0.75,210.3051028251648,50,0.0189673837247408,0.39788242507416177,1.1358886291882826,0.40323599399011645
1,1,100,500,6,0.9,0.75,102.62384700775146,50,0.0,0.0,0.0,0.0
2,1,100,500,6,0.9,0.75,80.85627388954163,13,0.030077910190198055,0.0,0.0,0.0
3,1,100,500,6,0.9,0.75,95.74748086929321,50,6.954829642923828,2.912438826465358,5.029356087526984,179.17275676260755
4,1,100,500,6,0.9,0.75,160.86850833892822,50,0.006466040140683853,3.0323244666204463,1.7853007507571235,0.6614304885277336
5,1,100,500,6,0.9,0.75,107.79483771324158,50,0.21638162710591466,0.010624744065529984,0.9809593169324172,2.4581234394624674
6,1,100,500,6,0.9,0.75,112.41902565956116,50,2.019268698393641,1.1230560147613853,5.518115307568119,2.8851320094268704
7,1,100,500,6,0.9,0.75,211.8730902671814,50,0.03259707405304712,0.009041680408495175,0.24189371239579743,0.25646356108865426
8,1,100,500,6,0.9,0.75,189.15720772743225,50,0.05654586764172054,1.146116769811736,0.3158951190103693,0.12311841989961486
9,1,100,500,6,0.9,0.75,194.9638328552246,50,0.10652089624025414,2.3990839948936284,0.2702587658946986,0.43527842289048513
10,1,100,500,6,0.9,0.75,194.91763639450073,50,0.023331249325361413,3.7741575611508833,0.5374409231172057,0.7049024322097389
11,1,100,500,6,0.9,0.75,185.83920192718506,50,0.007630607188007746,0.5999041084410378,0.9415049581399624,0.11988020930227442
12,1,100,500,6,0.9,0.75,218.16330194473267,50,0.012352255171166284,0.016471031276379406,0.5873531237616527,0.29396343583782014
13,1,100,500,6,0.9,0.75,205.9605836868286,50,0.03872263603286688,1.9534505607208439,0.7192732069342603,0.3404246401759777
14,1,100,500,6,0.9,0.75,196.02019047737122,50,0.011974327234394313,0.0015563624430257363,1.2458128566566387,0.8862054384819319
15,1,100,500,6,0.9,0.75,198.51696944236755,50,0.07336311077484277,0.04123626111431666,2.4940280264755827,0.5175175132098475
16,1,100,500,6,0.9,0.75,194.94002199172974,50,0.04846720849079776,0.9387662847749622,2.003699247830285,0.2577387482171012
17,1,100,500,6,0.9,0.75,208.13441276550293,50,0.013251676968761474,0.28766414568245186,1.3591680143465281,0.03426573206080811
18,1,100,500,6,0.9,0.75,203.71158933639526,50,0.023565758160564942,0.8072243284508338,1.2425087194167652,1.1537004990053703
19,1,100,500,6,0.9,0.75,199.8234145641327,50,0.15397586347479947,0.7957599975975888,0.8222027717969956,0.45305364600157916
20,1,100,500,6,0.9,0.75,88.97947096824646,50,3.959511621773155,4.5813984349923516,5.55478795568066,187.66374651396157
21,1,100,500,6,0.9,0.75,210.98004627227783,50,0.012989773866361302,0.745654656263488,0.3495187756166909,0.7433821890555415
22,1,100,500,6,0.9,0.75,197.78861498832703,50,0.14914137502171176,1.363006281715551,3.0392300071198086,0.5941720899288446
23,1,100,500,6,0.9,0.75,225.9010009765625,50,0.02048843670551153,0.2489596687562703,1.7889668474524512,1.1805805312009428
24,1,100,500,6,0.9,0.75,211.83115410804749,50,0.036074032227828026,0.45259035562946703,3.583967395646819,0.7379966646498489
25,1,100,500,6,0.9,0.75,215.35288214683533,50,0.09233571436161703,1.0273664494777885,1.5267966111132338,0.2988630850728219
26,1,100,500,6,0.9,0.75,253.323171377182,50,0.006071306561934376,0.2689108563782332,2.1188543444655474,0.39620739950897355
27,1,100,500,6,0.9,0.75,233.1608247756958,50,0.012133652517988067,0.4196156976162333,0.1899113554451116,0.061117139780877634
28,1,100,500,6,0.9,0.75,179.32954096794128,50,0.03749266983167782,0.7400765358072503,0.44489212236599046,0.598082761537692
29,1,100,500,6,0.9,0.75,183.75913977622986,50,0.005221455912874172,0.7088479221305997,0.5210994043372147,0.5642774613330823
30,1,100,500,6,0.9,0.75,241.68268585205078,50,0.02281811823668065,0.0003417837835881805,0.1292552870662132,0.27732736537635627
31,1,100,500,6,0.9,0.75,204.011616230011,50,0.010507953075513696,0.8087147259755522,0.009664154028212921,0.6309248623256676
32,1,100,500,6,0.9,0.75,224.48877596855164,50,0.008120049683031715,0.3957369349093932,0.4164239532329691,0.11543040425587037
33,1,100,500,6,0.9,0.75,230.99993705749512,50,0.015951800506797127,0.4225236251720962,0.02184977636704379,0.2102702470567079
34,1,100,500,6,0.9,0.75,223.71713280677795,50,0.015486793709700405,0.20834113281480052,0.07101072560336345,0.05100397171395377
35,1,100,500,6,0.9,0.75,240.80839443206787,50,0.007031554511652519,0.11223716936249357,0.7279635730425827,0.1543463438455299
36,1,100,500,6,0.9,0.75,114.06603598594666,50,3.301874554695733,0.18319332542551292,2.6270237071133327,62.2143507920233
37,1,100,500,6,0.9,0.75,231.90411043167114,50,0.014219684751308907,1.0625003134767381,1.0470215157687415,0.3702869513575256
38,1,100,500,6,0.9,0.75,126.3307831287384,50,3.457518678232093,5.004512662241141,2.769101414256027,56.16865545281944
39,1,100,500,6,0.9,0.75,128.9983570575714,50,0.41960168609324056,8.16413350052651,1.3644938595470184,10.378861838875155
40,1,100,500,6,0.9,0.75,140.43222618103027,50,0.3687800032857435,3.739575044712656,3.305363087047404,13.411540406386791
41,1,100,500,6,0.9,0.75,132.5257694721222,50,2.9628915749439906,8.454678074667026,1.7734360683246533,26.176313842330547
42,1,100,500,6,0.9,0.75,125.67303514480591,50,3.318239351128088,9.148601848363809,2.7128518837517666,48.81301343861039
43,1,100,500,6,0.9,0.75,98.03539824485779,50,1.6707034659724382,4.682668649954214,0.6776438517345533,197.26900242678374
44,1,100,500,6,0.9,0.75,150.9868471622467,50,3.654786971527915,7.912013717176225,4.447570088900927,5.181891911239634
1,1,100,500,6,0.9,0.75,111.72717261314392,50,0.0,0.9682174232301564,0.0,0.0
2,1,100,500,6,0.9,0.75,125.38802576065063,50,0.030077910190198055,1.8210186451013568,0.0,0.4744614763240362
3,1,100,500,6,0.9,0.75,94.70000839233398,50,6.476861381646591,0.8984539705331016,3.9418745484680273,180.0
4,1,100,500,6,0.9,0.75,146.00514316558838,50,0.09682901647556752,3.381254718794569,3.5262560151431006,0.7596173563222328
5,1,100,500,6,0.9,0.75,111.53141760826111,50,0.07455658143225748,3.9593808730328126,3.7738811999352446,3.644499616386066
6,1,100,500,6,0.9,0.75,107.53944945335388,50,2.165040668200914,6.234615066711959,2.5404722647093916,5.973765084985286
7,1,100,500,6,0.9,0.75,208.71168327331543,50,0.0273254489847585,0.3218369773434188,0.10593823466843927,0.3667011516011882
8,1,100,500,6,0.9,0.75,202.88820219039917,50,0.0807557230542989,0.3190102271015498,0.034973418077023324,0.6318167486630546
9,1,100,500,6,0.9,0.75,200.0807135105133,50,0.014282428126970914,1.6502582793894949,0.3909620814741005,0.5204870303726473
10,1,100,500,6,0.9,0.75,209.5814061164856,50,0.012323802232384792,3.67979857172612,0.25623713655299085,1.018598971799847
11,1,100,500,6,0.9,0.75,218.08829307556152,50,0.027215374358359683,1.030894674718547,1.4567381034407134,0.1259096284059984
12,1,100,500,6,0.9,0.75,112.71953296661377,50,3.119853355077569,1.350116946889352,1.1231953250203257,175.84394828210523
13,1,100,500,6,0.9,0.75,172.15187740325928,50,0.763152910163072,1.0673059721074933,4.540315214124121,11.278411086193023
14,1,100,500,6,0.9,0.75,209.5169177055359,50,0.018154565723365386,0.06505235575549759,1.0359565657461929,0.8921603155902119
15,1,100,500,6,0.9,0.75,208.00065875053406,50,0.07740686454833003,0.17502940206371978,2.800767636193331,0.8125871246942323
16,1,100,500,6,0.9,0.75,195.21418118476868,50,0.02326452638380553,0.3953295581840461,2.1318515370208475,0.17627674202129173
17,1,100,500,6,0.9,0.75,227.5595474243164,50,0.032947612489812345,0.8158804882543526,1.0916379768022222,0.3295470986232324
18,1,100,500,6,0.9,0.75,204.31823325157166,50,0.018645290137081664,0.7868966715069993,0.6756195931627171,1.2342710302542808
19,1,100,500,6,0.9,0.75,176.36790895462036,50,0.16149091022510967,0.9127443617831436,0.9877040526776408,0.20418041712186055
20,1,100,500,6,0.9,0.75,95.52024841308594,50,3.3585304378682515,1.8074692585468626,4.410363893337426,182.791551641705
21,1,100,500,6,0.9,0.75,219.35661482810974,50,0.05280182383042741,0.5234730074472025,1.7461280004456796,0.5251203190199345
22,1,100,500,6,0.9,0.75,188.04536700248718,50,0.18484299706030033,1.2752341937447182,3.0028536733322913,1.1023788464560305
23,1,100,500,6,0.9,0.75,219.36950635910034,50,0.01905909988724637,0.21722810083179592,1.5111557057589886,1.271314330021041
24,1,100,500,6,0.9,0.75,209.17165803909302,50,0.010450617995580735,1.926643012074101,2.3529172267714156,0.04446617222470867
25,1,100,500,6,0.9,0.75,206.04102492332458,50,0.0902680355990453,0.2697083469260069,0.9575635855636815,0.26084995180255377
26,1,100,500,6,0.9,0.75,242.555983543396,50,0.010029924416450751,0.20234941024274136,0.2188048984313126,0.6073753083651823
27,1,100,500,6,0.9,0.75,221.22942328453064,50,0.05580255883194126,0.5714514314260406,0.3306994418132125,0.3614946749878557
28,1,100,500,6,0.9,0.75,207.80803680419922,50,0.03350103576614156,1.0980422918041703,0.8980451716450281,0.41005145076249455
29,1,100,500,6,0.9,0.75,178.01999163627625,50,0.311181421926883,1.3038154263757522,0.07019649667394023,1.1075627838225246
30,1,100,500,6,0.9,0.75,238.12531208992004,50,0.017028297285066288,0.3541557434476606,0.5356394935326185,0.7025491828306568
31,1,100,500,6,0.9,0.75,191.8793420791626,50,0.030441130684388164,1.5357462667743051,0.1042849524832317,0.06135149746866486
32,1,100,500,6,0.9,0.75,232.21436715126038,50,0.009614409871659069,0.5332130395799334,0.19066791740799127,0.10448001314232863
33,1,100,500,6,0.9,0.75,222.8321397304535,50,0.010719630282325497,0.6036091679206692,0.10626266803803942,0.05036875044883652
34,1,100,500,6,0.9,0.75,125.05062079429626,50,0.013818014391805064,0.29803185383929465,1.0526342142414584,0.039841893355727354
35,1,100,500,6,0.9,0.75,213.03134989738464,50,0.007492362936353439,0.07896464702922988,0.7386797786416613,0.11959191722334961
36,1,100,500,6,0.9,0.75,253.3011908531189,50,0.003540042714761207,0.3535548841578749,0.752723404071169,0.11524573281365257
37,1,100,500,6,0.9,0.75,189.82256364822388,50,0.01080031496744284,0.004758384789594702,1.3590484308167068,0.39416178710974253
38,1,100,500,6,0.9,0.75,155.51797342300415,50,0.04851974626021766,0.5532940610475718,0.3560083133387729,0.4691955038132646
39,1,100,500,6,0.9,0.75,146.8569371700287,50,0.3542097734830332,0.649487120436693,7.7208796102703054,8.6171966895759
40,1,100,500,6,0.9,0.75,156.33161854743958,50,0.2535617863443848,4.342119248101436,1.1262461241781878,2.888931098105193
41,1,100,500,6,0.9,0.75,262.3660695552826,50,0.024640433583920793,0.09753640578304401,0.6886030261095616,0.42318924474091024
42,1,100,500,6,0.9,0.75,126.89332985877991,50,2.790210172727306,1.9565417226712045,3.0167260675564656,0.9611802910261991
43,1,100,500,6,0.9,0.75,129.5571517944336,50,1.7723089445126117,1.615025569949134,0.23799196323298905,81.85931626848043
44,1,100,500,6,0.9,0.75,116.28163886070251,50,3.3817502137728415,4.58138128054842,1.9451895654782574,25.81141021745224
1,1,100,500,6,0.9,0.75,108.90668988227844,50,0.05624325533902175,0.9059255753836519,0.0,0.0
2,1,100,500,6,0.9,0.75,121.30309391021729,50,0.030077910190198055,1.6999738961502828,0.0,0.0
3,1,100,500,6,0.9,0.75,95.80539870262146,50,7.173978740023607,0.29971961439845646,6.0075824859879345,180.0
4,1,100,500,6,0.9,0.75,171.36084055900574,50,0.018246385904550383,3.0744239231950314,1.479724636717473,0.7859080940207213
5,1,100,500,6,0.9,0.75,113.23748874664307,50,0.28666502587522646,0.5034019143876279,0.8971618740985087,1.609906820548798
6,1,100,500,6,0.9,0.75,113.52682733535767,50,2.1633029897589453,1.1230560147613853,5.345323128038866,3.9098022801435532
7,1,100,500,6,0.9,0.75,216.16745829582214,50,0.015368493986234388,0.14375645249067362,0.046134255786296895,0.23286157809172292
8,1,100,500,6,0.9,0.75,223.55582308769226,50,0.05429666690152704,0.04892927681465424,0.49925206052354604,1.2935507973199205
9,1,100,500,6,0.9,0.75,213.6879301071167,50,0.01913015456503324,2.2386044637189357,0.9134912417868386,0.3815395913145024
10,1,100,500,6,0.9,0.75,227.9929382801056,50,0.010691344262935441,3.9473659032136923,0.2616857247691249,0.822240974555973
9,1,100,500,6,0.9,0.75,212.40796661376953,50,0.022203432382604096,2.05933992070173,0.19220483602371222,0.10579339020011654
9,1,100,500,6,0.9,0.75,211.17554450035095,50,0.02247705550118557,1.6340691739339708,0.25997595862122214,0.5086570751833905
1,1,100,500,6,0.9,0.75,116.56663680076599,50,0.0,2.9418635384190495,0.0,0.0
